Fecha,Puertas,ID Dispositivo,Dispositivos,Grupo Usuario,Usuarios,Evento
2024-01-30 23:53:36,,542361075,FaceStation 2 542361075 (192.168.1.220),All Users,122,1:N authentication succeeded (Face)
2024-01-30 23:53:04,,542361075,FaceStation 2 542361075 (192.168.1.220),All Users,9,1:N authentication succeeded (Face)
2024-01-30 23:52:22,,542361075,FaceStation 2 542361075 (192.168.1.220),All Users,12,1:N authentication succeeded (Face)
2024-01-30 23:41:31,,542361075,FaceStation 2 542361075 (192.168.1.220),All Users,81,1:N authentication succeeded (Face)
2024-01-30 23:41:24,,542361075,FaceStation 2 542361075 (192.168.1.220),All Users,37,1:N authentication succeeded (Face)
2024-01-30 23:41:11,,542361075,FaceStation 2 542361075 (192.168.1.220),All Users,177,1:N authentication succeeded (Face)
2024-01-30 23:41:06,,542361075,FaceStation 2 542361075 (192.168.1.220),All Users,75,1:N authentication succeeded (Face)
2024-01-30 23:40:06,,542361075,FaceStation 2 542361075 (192.168.1.220),All Users,32,1:N authentication succeeded (Face)
2024-01-30 23:37:57,,542361075,FaceStation 2 542361075 (192.168.1.220),All Users,176,1:N authentication succeeded (Face)
2024-01-30 23:34:16,,542361075,FaceStation 2 542361075 (192.168.1.220),All Users,1255,1:N authentication succeeded (Face)
2024-01-30 23:33:57,,542361075,FaceStation 2 542361075 (192.168.1.220),All Users,27,1:N authentication succeeded (Face)
2024-01-30 23:33:52,,542361075,FaceStation 2 542361075 (192.168.1.220),All Users,168,1:N authentication succeeded (Face)
2024-01-30 23:33:42,,542361075,FaceStation 2 542361075 (192.168.1.220),All Users,72,1:N authentication succeeded (Face)
2024-01-30 23:33:32,,542361075,FaceStation 2 542361075 (192.168.1.220),All Users,107,1:N authentication succeeded (Face)
2024-01-30 23:33:16,,542361075,FaceStation 2 542361075 (192.168.1.220),All Users,171,1:N authentication succeeded (Face)
2024-01-30 23:33:12,,542361075,FaceStation 2 542361075 (192.168.1.220),All Users,138,1:N authentication succeeded (Face)
2024-01-30 23:32:48,,542361075,FaceStation 2 542361075 (192.168.1.220),All Users,7,1:N authentication succeeded (Face)
2024-01-30 23:32:38,,542361075,FaceStation 2 542361075 (192.168.1.220),All Users,30,1:N authentication succeeded (Face)
2024-01-30 23:32:34,,542361075,FaceStation 2 542361075 (192.168.1.220),All Users,127,1:N authentication succeeded (Face)
2024-01-30 23:32:28,,542361075,FaceStation 2 542361075 (192.168.1.220),All Users,147,1:N authentication succeeded (Face)
2024-01-30 23:32:23,,542361075,FaceStation 2 542361075 (192.168.1.220),All Users,69,1:N authentication succeeded (Face)
2024-01-30 23:32:17,,542361075,FaceStation 2 542361075 (192.168.1.220),All Users,91,1:N authentication succeeded (Face)
2024-01-30 23:31:33,,542361075,FaceStation 2 542361075 (192.168.1.220),All Users,170,1:N authentication succeeded (Face)
2024-01-30 23:31:28,,542361075,FaceStation 2 542361075 (192.168.1.220),All Users,33,1:N authentication succeeded (Face)
2024-01-30 23:31:15,,542361075,FaceStation 2 542361075 (192.168.1.220),All Users,158,1:N authentication succeeded (Face)
2024-01-30 23:29:25,,542361075,FaceStation 2 542361075 (192.168.1.220),All Users,181,1:N authentication succeeded (Face)
2024-01-30 23:29:20,,542361075,FaceStation 2 542361075 (192.168.1.220),All Users,116,1:N authentication succeeded (Face)
2024-01-30 23:28:47,,542361075,FaceStation 2 542361075 (192.168.1.220),All Users,45,1:N authentication succeeded (Face)
2024-01-30 23:28:43,,542361075,FaceStation 2 542361075 (192.168.1.220),All Users,14,1:N authentication succeeded (Face)
2024-01-30 23:28:40,,542361075,FaceStation 2 542361075 (192.168.1.220),All Users,117,1:N authentication succeeded (Face)
2024-01-30 23:28:29,,542361075,FaceStation 2 542361075 (192.168.1.220),All Users,29,1:N authentication succeeded (Face)
2024-01-30 23:26:21,,542361075,FaceStation 2 542361075 (192.168.1.220),All Users,143,1:N authentication succeeded (Face)
2024-01-30 23:26:16,,542361075,FaceStation 2 542361075 (192.168.1.220),All Users,142,1:N authentication succeeded (Face)
2024-01-30 23:26:12,,542361075,FaceStation 2 542361075 (192.168.1.220),All Users,135,1:N authentication succeeded (Face)
2024-01-30 23:23:50,,542361075,FaceStation 2 542361075 (192.168.1.220),All Users,137,1:N authentication succeeded (Face)
2024-01-30 23:23:46,,542361075,FaceStation 2 542361075 (192.168.1.220),All Users,74,1:N authentication succeeded (Face)
2024-01-30 23:21:59,,542361075,FaceStation 2 542361075 (192.168.1.220),All Users,28,1:N authentication succeeded (Face)
2024-01-30 23:09:11,,542361075,FaceStation 2 542361075 (192.168.1.220),All Users,94,1:N authentication succeeded (Face)
2024-01-30 20:57:11,,542361075,FaceStation 2 542361075 (192.168.1.220),All Users,81,1:N authentication succeeded (Face)
2024-01-30 20:34:15,,542361075,FaceStation 2 542361075 (192.168.1.220),All Users,81,1:N authentication succeeded (Face)
2024-01-30 20:28:49,,542361075,FaceStation 2 542361075 (192.168.1.220),All Users,32,1:N authentication succeeded (Face)
2024-01-30 20:15:45,,542361075,FaceStation 2 542361075 (192.168.1.220),All Users,27,1:N authentication succeeded (Face)
2024-01-30 20:08:39,,542361075,FaceStation 2 542361075 (192.168.1.220),All Users,33,1:N authentication succeeded (Face)
2024-01-30 20:04:56,,542361075,FaceStation 2 542361075 (192.168.1.220),All Users,32,1:N authentication succeeded (Face)
2024-01-30 19:42:40,,542361075,FaceStation 2 542361075 (192.168.1.220),All Users,27,1:N authentication succeeded (Face)
2024-01-30 19:41:51,,542361075,FaceStation 2 542361075 (192.168.1.220),All Users,127,1:N authentication succeeded (Face)
2024-01-30 19:41:46,,542361075,FaceStation 2 542361075 (192.168.1.220),All Users,147,1:N authentication succeeded (Face)
2024-01-30 19:36:45,,542361075,FaceStation 2 542361075 (192.168.1.220),All Users,33,1:N authentication succeeded (Face)
2024-01-30 19:35:23,,542361075,FaceStation 2 542361075 (192.168.1.220),All Users,72,1:N authentication succeeded (Face)
2024-01-30 19:34:11,,542361075,FaceStation 2 542361075 (192.168.1.220),All Users,168,1:N authentication succeeded (Face)
2024-01-30 19:34:05,,542361075,FaceStation 2 542361075 (192.168.1.220),All Users,170,1:N authentication succeeded (Face)
2024-01-30 19:03:19,,542361075,FaceStation 2 542361075 (192.168.1.220),All Users,72,1:N authentication succeeded (Face)
2024-01-30 19:02:50,,542361075,FaceStation 2 542361075 (192.168.1.220),All Users,168,1:N authentication succeeded (Face)
2024-01-30 19:01:00,,542361075,FaceStation 2 542361075 (192.168.1.220),All Users,75,1:N authentication succeeded (Face)
2024-01-30 19:00:56,,542361075,FaceStation 2 542361075 (192.168.1.220),All Users,171,1:N authentication succeeded (Face)
2024-01-30 19:00:49,,542361075,FaceStation 2 542361075 (192.168.1.220),All Users,170,1:N authentication succeeded (Face)
2024-01-30 19:00:35,,542361075,FaceStation 2 542361075 (192.168.1.220),All Users,91,1:N authentication succeeded (Face)
2024-01-30 18:31:12,,542361075,FaceStation 2 542361075 (192.168.1.220),All Users,171,1:N authentication succeeded (Face)
2024-01-30 18:31:08,,542361075,FaceStation 2 542361075 (192.168.1.220),All Users,75,1:N authentication succeeded (Face)
2024-01-30 18:30:50,,542361075,FaceStation 2 542361075 (192.168.1.220),All Users,91,1:N authentication succeeded (Face)
2024-01-30 18:29:57,,542361075,FaceStation 2 542361075 (192.168.1.220),All Users,177,1:N authentication succeeded (Face)
2024-01-30 18:00:44,,542361075,FaceStation 2 542361075 (192.168.1.220),All Users,177,1:N authentication succeeded (Face)
2024-01-30 16:57:46,,542361075,FaceStation 2 542361075 (192.168.1.220),,,BioStar 2 disconnected
2024-01-30 16:56:03,,542361075,FaceStation 2 542361075 (192.168.1.220),All Users,171,1:N authentication succeeded (Face)
2024-01-30 16:36:58,,542361075,FaceStation 2 542361075 (192.168.1.220),All Users,172,1:N authentication succeeded (Face)
2024-01-30 16:16:07,,542361075,FaceStation 2 542361075 (192.168.1.220),All Users,97,1:N authentication succeeded (Face)
2024-01-30 16:10:23,,542361075,FaceStation 2 542361075 (192.168.1.220),All Users,72,1:N authentication succeeded (Face)
2024-01-30 15:57:55,,542361075,FaceStation 2 542361075 (192.168.1.220),All Users,58,1:N authentication succeeded (Face)
2024-01-30 15:40:16,,542361075,FaceStation 2 542361075 (192.168.1.220),All Users,6,1:N authentication succeeded (Face)
2024-01-30 15:40:12,,542361075,FaceStation 2 542361075 (192.168.1.220),All Users,26,1:N authentication succeeded (Face)
2024-01-30 15:39:04,,542361075,FaceStation 2 542361075 (192.168.1.220),All Users,108,1:N authentication succeeded (Face)
2024-01-30 15:37:37,,542361075,FaceStation 2 542361075 (192.168.1.220),All Users,19,1:N authentication succeeded (Face)
2024-01-30 15:37:04,,542361075,FaceStation 2 542361075 (192.168.1.220),All Users,2,1:N authentication succeeded (Face)
2024-01-30 15:36:04,,542361075,FaceStation 2 542361075 (192.168.1.220),All Users,32,1:N authentication succeeded (Face)
2024-01-30 15:34:33,,542361075,FaceStation 2 542361075 (192.168.1.220),All Users,59,1:N authentication succeeded (Face)
2024-01-30 15:34:31,,542361075,FaceStation 2 542361075 (192.168.1.220),All Users,146,1:N authentication succeeded (Face)
2024-01-30 15:33:48,,542361075,FaceStation 2 542361075 (192.168.1.220),All Users,75,1:N authentication succeeded (Face)
2024-01-30 15:33:45,,542361075,FaceStation 2 542361075 (192.168.1.220),All Users,177,1:N authentication succeeded (Face)
2024-01-30 15:33:13,,542361075,FaceStation 2 542361075 (192.168.1.220),All Users,1214,1:N authentication succeeded (Face)
2024-01-30 15:33:02,,542361075,FaceStation 2 542361075 (192.168.1.220),All Users,145,1:N authentication succeeded (Face)
2024-01-30 15:32:58,,542361075,FaceStation 2 542361075 (192.168.1.220),All Users,8,1:N authentication succeeded (Face)
2024-01-30 15:32:44,,542361075,FaceStation 2 542361075 (192.168.1.220),All Users,91,1:N authentication succeeded (Face)
2024-01-30 15:32:40,,542361075,FaceStation 2 542361075 (192.168.1.220),All Users,51,1:N authentication succeeded (Face)
2024-01-30 15:32:36,,542361075,FaceStation 2 542361075 (192.168.1.220),All Users,89,1:N authentication succeeded (Face)
2024-01-30 15:32:15,,542361075,FaceStation 2 542361075 (192.168.1.220),All Users,120,1:N authentication succeeded (Face)
2024-01-30 15:32:11,,542361075,FaceStation 2 542361075 (192.168.1.220),All Users,95,1:N authentication succeeded (Face)
2024-01-30 15:32:06,,542361075,FaceStation 2 542361075 (192.168.1.220),All Users,167,1:N authentication succeeded (Face)
2024-01-30 15:32:01,,542361075,FaceStation 2 542361075 (192.168.1.220),All Users,111,1:N authentication succeeded (Face)
2024-01-30 15:31:54,,542361075,FaceStation 2 542361075 (192.168.1.220),All Users,71,1:N authentication succeeded (Face)
2024-01-30 15:31:43,,542361075,FaceStation 2 542361075 (192.168.1.220),All Users,3,1:N authentication succeeded (Face)
2024-01-30 15:31:27,,542361075,FaceStation 2 542361075 (192.168.1.220),All Users,166,1:N authentication succeeded (Face)
2024-01-30 15:31:23,,542361075,FaceStation 2 542361075 (192.168.1.220),All Users,149,1:N authentication succeeded (Face)
2024-01-30 15:31:20,,542361075,FaceStation 2 542361075 (192.168.1.220),All Users,141,1:N authentication succeeded (Face)
2024-01-30 15:31:17,,542361075,FaceStation 2 542361075 (192.168.1.220),All Users,39,1:N authentication succeeded (Face)
2024-01-30 15:31:13,,542361075,FaceStation 2 542361075 (192.168.1.220),All Users,64,1:N authentication succeeded (Face)
2024-01-30 15:30:42,,542361075,FaceStation 2 542361075 (192.168.1.220),All Users,27,1:N authentication succeeded (Face)
2024-01-30 15:30:38,,542361075,FaceStation 2 542361075 (192.168.1.220),All Users,33,1:N authentication succeeded (Face)
2024-01-30 15:30:23,,542361075,FaceStation 2 542361075 (192.168.1.220),All Users,185,1:N authentication succeeded (Face)
2024-01-30 15:30:19,,542361075,FaceStation 2 542361075 (192.168.1.220),All Users,73,1:N authentication succeeded (Face)
2024-01-30 15:27:41,,542361075,FaceStation 2 542361075 (192.168.1.220),All Users,107,1:N authentication succeeded (Face)
2024-01-30 15:27:38,,542361075,FaceStation 2 542361075 (192.168.1.220),All Users,138,1:N authentication succeeded (Face)
2024-01-30 15:26:17,,542361075,FaceStation 2 542361075 (192.168.1.220),All Users,122,1:N authentication succeeded (Face)
2024-01-30 15:23:44,,542361075,FaceStation 2 542361075 (192.168.1.220),All Users,69,1:N authentication succeeded (Face)
2024-01-30 15:22:20,,542361075,FaceStation 2 542361075 (192.168.1.220),All Users,170,1:N authentication succeeded (Face)
2024-01-30 15:22:13,,542361075,FaceStation 2 542361075 (192.168.1.220),All Users,9,1:N authentication succeeded (Face)
2024-01-30 15:21:14,,542361075,FaceStation 2 542361075 (192.168.1.220),All Users,147,1:N authentication succeeded (Face)
2024-01-30 15:21:09,,542361075,FaceStation 2 542361075 (192.168.1.220),All Users,127,1:N authentication succeeded (Face)
2024-01-30 15:19:27,,542361075,FaceStation 2 542361075 (192.168.1.220),All Users,81,1:N authentication succeeded (Face)
2024-01-30 15:19:22,,542361075,FaceStation 2 542361075 (192.168.1.220),All Users,37,1:N authentication succeeded (Face)
2024-01-30 15:19:17,,542361075,FaceStation 2 542361075 (192.168.1.220),All Users,168,1:N authentication succeeded (Face)
2024-01-30 15:18:41,,542361075,FaceStation 2 542361075 (192.168.1.220),All Users,7,1:N authentication succeeded (Face)
2024-01-30 15:15:47,,542361075,FaceStation 2 542361075 (192.168.1.220),All Users,12,1:N authentication succeeded (Face)
2024-01-30 12:35:59,,542361075,FaceStation 2 542361075 (192.168.1.220),All Users,8,1:N authentication succeeded (Face)
2024-01-30 12:35:55,,542361075,FaceStation 2 542361075 (192.168.1.220),All Users,8,1:N authentication succeeded (Face)
2024-01-30 12:08:01,,542361075,FaceStation 2 542361075 (192.168.1.220),All Users,8,1:N authentication succeeded (Face)
2024-01-30 11:49:19,,542361075,FaceStation 2 542361075 (192.168.1.220),All Users,73,1:N authentication succeeded (Face)
2024-01-30 11:49:16,,542361075,FaceStation 2 542361075 (192.168.1.220),All Users,2,1:N authentication succeeded (Face)
2024-01-30 11:44:40,,542361075,FaceStation 2 542361075 (192.168.1.220),All Users,169,1:N authentication succeeded (Face)
2024-01-30 11:43:42,,542361075,FaceStation 2 542361075 (192.168.1.220),All Users,141,1:N authentication succeeded (Face)
2024-01-30 11:43:38,,542361075,FaceStation 2 542361075 (192.168.1.220),All Users,39,1:N authentication succeeded (Face)
2024-01-30 11:43:27,,542361075,FaceStation 2 542361075 (192.168.1.220),All Users,111,1:N authentication succeeded (Face)
2024-01-30 11:43:23,,542361075,FaceStation 2 542361075 (192.168.1.220),All Users,120,1:N authentication succeeded (Face)
2024-01-30 11:42:35,,542361075,FaceStation 2 542361075 (192.168.1.220),All Users,6,1:N authentication succeeded (Face)
2024-01-30 11:33:07,,542361075,FaceStation 2 542361075 (192.168.1.220),All Users,26,1:N authentication succeeded (Face)
2024-01-30 11:18:20,,542361075,FaceStation 2 542361075 (192.168.1.220),All Users,73,1:N authentication succeeded (Face)
2024-01-30 11:17:58,,542361075,FaceStation 2 542361075 (192.168.1.220),All Users,2,1:N authentication succeeded (Face)
2024-01-30 11:15:31,,542361075,FaceStation 2 542361075 (192.168.1.220),All Users,169,1:N authentication succeeded (Face)
2024-01-30 11:15:28,,542361075,FaceStation 2 542361075 (192.168.1.220),,,Authentication failed (Timeout)
2024-01-30 11:12:18,,542361075,FaceStation 2 542361075 (192.168.1.220),All Users,39,1:N authentication succeeded (Face)
2024-01-30 11:12:14,,542361075,FaceStation 2 542361075 (192.168.1.220),All Users,141,1:N authentication succeeded (Face)
2024-01-30 11:12:04,,542361075,FaceStation 2 542361075 (192.168.1.220),All Users,120,1:N authentication succeeded (Face)
2024-01-30 11:08:44,,542361075,FaceStation 2 542361075 (192.168.1.220),All Users,6,1:N authentication succeeded (Face)
2024-01-30 11:08:39,,542361075,FaceStation 2 542361075 (192.168.1.220),All Users,59,1:N authentication succeeded (Face)
2024-01-30 11:08:35,,542361075,FaceStation 2 542361075 (192.168.1.220),All Users,19,1:N authentication succeeded (Face)
2024-01-30 11:08:32,,542361075,FaceStation 2 542361075 (192.168.1.220),All Users,64,1:N authentication succeeded (Face)
2024-01-30 11:07:10,,542361075,FaceStation 2 542361075 (192.168.1.220),All Users,185,1:N authentication succeeded (Face)
2024-01-30 11:07:06,,542361075,FaceStation 2 542361075 (192.168.1.220),All Users,149,1:N authentication succeeded (Face)
2024-01-30 11:02:18,,542361075,FaceStation 2 542361075 (192.168.1.220),All Users,26,1:N authentication succeeded (Face)
2024-01-30 10:39:40,,542361075,FaceStation 2 542361075 (192.168.1.220),All Users,59,1:N authentication succeeded (Face)
2024-01-30 10:39:36,,542361075,FaceStation 2 542361075 (192.168.1.220),All Users,19,1:N authentication succeeded (Face)
2024-01-30 10:39:33,,542361075,FaceStation 2 542361075 (192.168.1.220),All Users,64,1:N authentication succeeded (Face)
2024-01-30 10:37:01,,542361075,FaceStation 2 542361075 (192.168.1.220),All Users,149,1:N authentication succeeded (Face)
2024-01-30 10:36:55,,542361075,FaceStation 2 542361075 (192.168.1.220),All Users,185,1:N authentication succeeded (Face)
2024-01-30 10:36:10,,542361075,FaceStation 2 542361075 (192.168.1.220),All Users,3,1:N authentication succeeded (Face)
2024-01-30 10:36:07,,542361075,FaceStation 2 542361075 (192.168.1.220),All Users,166,1:N authentication succeeded (Face)
2024-01-30 10:34:07,,542361075,FaceStation 2 542361075 (192.168.1.220),All Users,95,1:N authentication succeeded (Face)
2024-01-30 10:31:14,,542361075,FaceStation 2 542361075 (192.168.1.220),All Users,146,1:N authentication succeeded (Face)
2024-01-30 10:12:11,,542361075,FaceStation 2 542361075 (192.168.1.220),All Users,159,1:N authentication succeeded (Face)
2024-01-30 10:09:58,,542361075,FaceStation 2 542361075 (192.168.1.220),All Users,158,1:N authentication succeeded (Face)
2024-01-30 10:08:10,,542361075,FaceStation 2 542361075 (192.168.1.220),All Users,71,1:N authentication succeeded (Face)
2024-01-30 10:07:45,,542361075,FaceStation 2 542361075 (192.168.1.220),All Users,167,1:N authentication succeeded (Face)
2024-01-30 10:06:55,,542361075,FaceStation 2 542361075 (192.168.1.220),All Users,146,1:N authentication succeeded (Face)
2024-01-30 10:06:40,,542361075,FaceStation 2 542361075 (192.168.1.220),All Users,3,1:N authentication succeeded (Face)
2024-01-30 10:06:36,,542361075,FaceStation 2 542361075 (192.168.1.220),All Users,166,1:N authentication succeeded (Face)
2024-01-30 10:00:36,,542361075,FaceStation 2 542361075 (192.168.1.220),All Users,95,1:N authentication succeeded (Face)
2024-01-30 09:35:31,,542361075,FaceStation 2 542361075 (192.168.1.220),All Users,71,1:N authentication succeeded (Face)
2024-01-30 09:35:24,,542361075,FaceStation 2 542361075 (192.168.1.220),All Users,167,1:N authentication succeeded (Face)
2024-01-30 08:01:56,,542361075,FaceStation 2 542361075 (192.168.1.220),All Users,30,1:N authentication succeeded (Face)
2024-01-30 07:55:44,,542361075,FaceStation 2 542361075 (192.168.1.220),All Users,34,1:N authentication succeeded (Face)
2024-01-30 07:55:01,,542361075,FaceStation 2 542361075 (192.168.1.220),All Users,35,1:N authentication succeeded (Face)
2024-01-30 07:54:58,,542361075,FaceStation 2 542361075 (192.168.1.220),All Users,35,1:N authentication succeeded (Face)
2024-01-30 07:44:54,,542361075,FaceStation 2 542361075 (192.168.1.220),All Users,142,1:N authentication succeeded (Face)
2024-01-30 07:43:08,,542361075,FaceStation 2 542361075 (192.168.1.220),All Users,28,1:N authentication succeeded (Face)
2024-01-30 07:41:54,,542361075,FaceStation 2 542361075 (192.168.1.220),All Users,97,1:N authentication succeeded (Face)
2024-01-30 07:41:43,,542361075,FaceStation 2 542361075 (192.168.1.220),All Users,1214,1:N authentication succeeded (Face)
2024-01-30 07:41:33,,542361075,FaceStation 2 542361075 (192.168.1.220),All Users,135,1:N authentication succeeded (Face)
2024-01-30 07:40:38,,542361075,FaceStation 2 542361075 (192.168.1.220),All Users,140,1:N authentication succeeded (Face)
2024-01-30 07:39:46,,542361075,FaceStation 2 542361075 (192.168.1.220),All Users,89,1:N authentication succeeded (Face)
2024-01-30 07:39:04,,542361075,FaceStation 2 542361075 (192.168.1.220),All Users,3,1:N authentication succeeded (Face)
2024-01-30 07:38:42,,542361075,FaceStation 2 542361075 (192.168.1.220),,,Authentication failed (Timeout)
2024-01-30 07:38:32,,542361075,FaceStation 2 542361075 (192.168.1.220),All Users,64,1:N authentication succeeded (Face)
2024-01-30 07:38:29,,542361075,FaceStation 2 542361075 (192.168.1.220),All Users,39,1:N authentication succeeded (Face)
2024-01-30 07:36:22,,542361075,FaceStation 2 542361075 (192.168.1.220),All Users,143,1:N authentication succeeded (Face)
2024-01-30 07:36:12,,542361075,FaceStation 2 542361075 (192.168.1.220),All Users,183,1:N authentication succeeded (Face)
2024-01-30 07:36:03,,542361075,FaceStation 2 542361075 (192.168.1.220),All Users,14,1:N authentication succeeded (Face)
2024-01-30 07:35:54,,542361075,FaceStation 2 542361075 (192.168.1.220),All Users,117,1:N authentication succeeded (Face)
2024-01-30 07:35:41,,542361075,FaceStation 2 542361075 (192.168.1.220),All Users,74,1:N authentication succeeded (Face)
2024-01-30 07:35:37,,542361075,FaceStation 2 542361075 (192.168.1.220),All Users,29,1:N authentication succeeded (Face)
2024-01-30 07:35:12,,542361075,FaceStation 2 542361075 (192.168.1.220),All Users,94,1:N authentication succeeded (Face)
2024-01-30 07:35:01,,542361075,FaceStation 2 542361075 (192.168.1.220),All Users,51,1:N authentication succeeded (Face)
2024-01-30 07:34:51,,542361075,FaceStation 2 542361075 (192.168.1.220),All Users,45,1:N authentication succeeded (Face)
2024-01-30 07:34:12,,542361075,FaceStation 2 542361075 (192.168.1.220),All Users,181,1:N authentication succeeded (Face)
2024-01-30 07:32:53,,542361075,FaceStation 2 542361075 (192.168.1.220),All Users,116,1:N authentication succeeded (Face)
2024-01-30 07:32:35,,542361075,FaceStation 2 542361075 (192.168.1.220),All Users,137,1:N authentication succeeded (Face)
2024-01-30 07:31:23,,542361075,FaceStation 2 542361075 (192.168.1.220),All Users,173,1:N authentication succeeded (Face)
2024-01-30 07:30:56,,542361075,FaceStation 2 542361075 (192.168.1.220),All Users,169,1:N authentication succeeded (Face)
2024-01-30 07:29:12,,542361075,FaceStation 2 542361075 (192.168.1.220),All Users,120,1:N authentication succeeded (Face)
2024-01-30 07:29:07,,542361075,FaceStation 2 542361075 (192.168.1.220),All Users,108,1:N authentication succeeded (Face)
2024-01-30 07:28:51,,542361075,FaceStation 2 542361075 (192.168.1.220),All Users,95,1:N authentication succeeded (Face)
2024-01-30 07:28:48,,542361075,FaceStation 2 542361075 (192.168.1.220),All Users,145,1:N authentication succeeded (Face)
2024-01-30 07:27:23,,542361075,FaceStation 2 542361075 (192.168.1.220),All Users,73,1:N authentication succeeded (Face)
2024-01-30 07:27:16,,542361075,FaceStation 2 542361075 (192.168.1.220),All Users,19,1:N authentication succeeded (Face)
2024-01-30 07:27:13,,542361075,FaceStation 2 542361075 (192.168.1.220),All Users,141,1:N authentication succeeded (Face)
2024-01-30 07:26:45,,542361075,FaceStation 2 542361075 (192.168.1.220),All Users,111,1:N authentication succeeded (Face)
2024-01-30 07:26:41,,542361075,FaceStation 2 542361075 (192.168.1.220),All Users,8,1:N authentication succeeded (Face)
2024-01-30 07:26:37,,542361075,FaceStation 2 542361075 (192.168.1.220),All Users,2,1:N authentication succeeded (Face)
2024-01-30 07:26:23,,542361075,FaceStation 2 542361075 (192.168.1.220),All Users,166,1:N authentication succeeded (Face)
2024-01-30 07:25:38,,542361075,FaceStation 2 542361075 (192.168.1.220),All Users,59,1:N authentication succeeded (Face)
2024-01-30 07:24:01,,542361075,FaceStation 2 542361075 (192.168.1.220),All Users,167,1:N authentication succeeded (Face)
2024-01-30 07:23:58,,542361075,FaceStation 2 542361075 (192.168.1.220),All Users,71,1:N authentication succeeded (Face)
2024-01-30 07:23:51,,542361075,FaceStation 2 542361075 (192.168.1.220),All Users,58,1:N authentication succeeded (Face)
2024-01-30 07:19:01,,542361075,FaceStation 2 542361075 (192.168.1.220),All Users,26,1:N authentication succeeded (Face)
2024-01-30 07:17:26,,542361075,FaceStation 2 542361075 (192.168.1.220),All Users,146,1:N authentication succeeded (Face)
2024-01-30 07:16:27,,542361075,FaceStation 2 542361075 (192.168.1.220),All Users,149,1:N authentication succeeded (Face)
2024-01-30 07:16:24,,542361075,FaceStation 2 542361075 (192.168.1.220),All Users,6,1:N authentication succeeded (Face)
2024-01-30 06:53:14,,542361075,FaceStation 2 542361075 (192.168.1.220),All Users,172,1:N authentication succeeded (Face)
2024-01-30 06:03:30,,542361075,FaceStation 2 542361075 (192.168.1.220),All Users,142,1:N authentication succeeded (Face)
2024-01-30 05:42:13,,542361075,FaceStation 2 542361075 (192.168.1.220),All Users,142,1:N authentication succeeded (Face)
2024-01-30 04:48:26,,542361075,FaceStation 2 542361075 (192.168.1.220),All Users,28,1:N authentication succeeded (Face)
2024-01-30 04:45:27,,542361075,FaceStation 2 542361075 (192.168.1.220),All Users,143,1:N authentication succeeded (Face)
2024-01-30 04:27:02,,542361075,FaceStation 2 542361075 (192.168.1.220),All Users,28,1:N authentication succeeded (Face)
2024-01-30 04:23:29,,542361075,FaceStation 2 542361075 (192.168.1.220),All Users,158,1:N authentication succeeded (Face)
2024-01-30 04:20:41,,542361075,FaceStation 2 542361075 (192.168.1.220),All Users,143,1:N authentication succeeded (Face)
2024-01-30 04:14:10,,542361075,FaceStation 2 542361075 (192.168.1.220),All Users,94,1:N authentication succeeded (Face)
2024-01-30 04:14:07,,542361075,FaceStation 2 542361075 (192.168.1.220),All Users,45,1:N authentication succeeded (Face)
2024-01-30 03:49:05,,542361075,FaceStation 2 542361075 (192.168.1.220),All Users,176,1:N authentication succeeded (Face)
2024-01-30 03:47:55,,542361075,FaceStation 2 542361075 (192.168.1.220),All Users,94,1:N authentication succeeded (Face)
2024-01-30 03:47:42,,542361075,FaceStation 2 542361075 (192.168.1.220),All Users,116,1:N authentication succeeded (Face)
2024-01-30 03:47:06,,542361075,FaceStation 2 542361075 (192.168.1.220),All Users,45,1:N authentication succeeded (Face)
2024-01-30 03:46:52,,542361075,FaceStation 2 542361075 (192.168.1.220),All Users,158,1:N authentication succeeded (Face)
2024-01-30 03:46:09,,542361075,FaceStation 2 542361075 (192.168.1.220),All Users,116,1:N authentication succeeded (Face)
2024-01-30 03:39:59,,542361075,FaceStation 2 542361075 (192.168.1.220),All Users,159,1:N authentication succeeded (Face)
2024-01-30 03:30:45,,542361075,FaceStation 2 542361075 (192.168.1.220),All Users,14,1:N authentication succeeded (Face)
2024-01-30 03:12:45,,542361075,FaceStation 2 542361075 (192.168.1.220),All Users,176,1:N authentication succeeded (Face)
2024-01-30 03:11:51,,542361075,FaceStation 2 542361075 (192.168.1.220),All Users,116,1:N authentication succeeded (Face)
2024-01-30 03:11:49,,542361075,FaceStation 2 542361075 (192.168.1.220),All Users,116,1:N authentication succeeded (Face)
2024-01-30 03:10:20,,542361075,FaceStation 2 542361075 (192.168.1.220),All Users,14,1:N authentication succeeded (Face)
2024-01-30 03:10:16,,542361075,FaceStation 2 542361075 (192.168.1.220),All Users,140,1:N authentication succeeded (Face)
2024-01-30 03:07:37,,542361075,FaceStation 2 542361075 (192.168.1.220),All Users,135,1:N authentication succeeded (Face)
2024-01-30 03:07:31,,542361075,FaceStation 2 542361075 (192.168.1.220),All Users,117,1:N authentication succeeded (Face)
2024-01-30 03:07:27,,542361075,FaceStation 2 542361075 (192.168.1.220),All Users,137,1:N authentication succeeded (Face)
2024-01-30 02:44:15,,542361075,FaceStation 2 542361075 (192.168.1.220),All Users,1(Administrator),User update succeeded
2024-01-30 02:44:14,,542361075,FaceStation 2 542361075 (192.168.1.220),,,BioStar 2 connected
2024-01-30 02:43:04,,542361075,FaceStation 2 542361075 (192.168.1.220),,,Device Disconnection Detected
2024-01-30 02:42:59,,542361075,FaceStation 2 542361075 (192.168.1.220),,,BioStar 2 disconnected
2024-01-30 02:42:18,,542361075,FaceStation 2 542361075 (192.168.1.220),All Users,1(Administrator),User update succeeded
2024-01-30 02:42:14,,542361075,FaceStation 2 542361075 (192.168.1.220),,,BioStar 2 connected
2024-01-30 02:41:34,,542361075,FaceStation 2 542361075 (192.168.1.220),,,BioStar 2 disconnected
2024-01-30 02:41:12,,542361075,FaceStation 2 542361075 (192.168.1.220),,,Device Disconnection Detected
2024-01-30 02:34:17,,542361075,FaceStation 2 542361075 (192.168.1.220),All Users,140,1:N authentication succeeded (Face)
2024-01-30 02:34:12,,542361075,FaceStation 2 542361075 (192.168.1.220),All Users,137,1:N authentication succeeded (Face)
2024-01-30 02:32:38,,542361075,FaceStation 2 542361075 (192.168.1.220),All Users,117,1:N authentication succeeded (Face)
2024-01-30 02:27:43,,542361075,FaceStation 2 542361075 (192.168.1.220),All Users,181,1:N authentication succeeded (Face)
2024-01-30 02:03:41,,542361075,FaceStation 2 542361075 (192.168.1.220),All Users,29,1:N authentication succeeded (Face)
2024-01-30 02:03:38,,542361075,FaceStation 2 542361075 (192.168.1.220),All Users,74,1:N authentication succeeded (Face)
2024-01-30 01:58:24,,542361075,FaceStation 2 542361075 (192.168.1.220),All Users,181,1:N authentication succeeded (Face)
2024-01-30 01:33:00,,542361075,FaceStation 2 542361075 (192.168.1.220),All Users,29,1:N authentication succeeded (Face)
2024-01-30 01:32:41,,542361075,FaceStation 2 542361075 (192.168.1.220),All Users,74,1:N authentication succeeded (Face)
